date,CVX,IBM
03-01-2011,71.66347913,122.6604749
04-01-2011,71.398463,122.7935484
05-01-2011,71.27374953,122.3028399
06-01-2011,70.68915513,123.6418918
07-01-2011,71.07888473,123.034744
10-01-2011,70.47090655,122.7935484
11-01-2011,71.57773862,122.494133
12-01-2011,72.06100332,124.0078438
13-01-2011,71.85054934,123.7749652
14-01-2011,72.35719782,124.7563821
18-01-2011,72.76251661,125.2969931
19-01-2011,72.46632211,129.4888075
20-01-2011,72.26366272,129.5802955
21-01-2011,73.09768406,129.3307828
24-01-2011,73.34711101,132.7657418
25-01-2011,73.33152183,134.2711355
26-01-2011,73.76801898,133.9384518
27-01-2011,73.85375949,133.9634031
28-01-2011,72.77810579,132.416424
31-01-2011,73.99406215,134.7368927
01-02-2011,74.99956452,136.034359
02-02-2011,75.20222391,135.8181146
03-02-2011,75.84917505,136.0094078
04-02-2011,75.69328321,136.4003111
07-02-2011,76.12198577,137.0823126
08-02-2011,76.18434251,138.645926
09-02-2011,75.0151537,137.4769751
10-02-2011,75.37370494,137.0093947
11-02-2011,75.17884014,136.8090031
14-02-2011,76.12978036,136.2829752
15-02-2011,75.65077917,135.9656886
16-02-2011,75.90205848,136.4332689
17-02-2011,76.30253489,137.1346395
18-02-2011,77.51966908,137.6356184
22-02-2011,78.77606566,135.2225698
23-02-2011,80.307299,133.7446819
24-02-2011,80.11883951,134.2373112
25-02-2011,80.17380686,135.4981082
28-02-2011,81.46946584,135.1641222
01-03-2011,80.80200515,133.5693392
02-03-2011,81.24959643,133.7279826
03-03-2011,81.8149749,136.5000661
04-03-2011,81.46946584,135.122374
07-03-2011,80.88838242,133.5359406
08-03-2011,81.48517079,135.4981082
09-03-2011,80.20521678,138.4872826
10-03-2011,77.80235831,135.2810173
11-03-2011,78.469819,135.6233529
14-03-2011,79.15298464,134.7549894
15-03-2011,79.49064122,132.7761225
16-03-2011,78.14001489,127.7496337
17-03-2011,80.28374156,128.7348923
18-03-2011,80.72348037,130.1626823
21-03-2011,82.60022276,131.6572695
22-03-2011,82.63163267,131.9244583
23-03-2011,82.82794464,133.2019547
24-03-2011,82.74941985,133.6277868
25-03-2011,83.84876686,135.4146117
28-03-2011,83.26768344,134.7382901
29-03-2011,84.3120631,135.9990872
30-03-2011,84.81462173,136.6002619
31-03-2011,84.40629285,136.1577305
01-04-2011,85.05804857,137.1596884
04-04-2011,84.98737626,137.1429891
05-04-2011,85.85114891,136.9258982
06-04-2011,85.32503285,136.9676465
07-04-2011,85.54490225,137.2515345
08-04-2011,86.11028071,136.9759961
11-04-2011,84.63401473,136.8924996
12-04-2011,81.80712242,136.3080242
13-04-2011,81.51658071,136.8924996
14-04-2011,82.35679592,137.7441639
15-04-2011,83.42473302,138.7795204
18-04-2011,82.05840173,138.5540798
19-04-2011,82.76512481,138.1031988
20-04-2011,84.65757216,137.5604716
21-04-2011,84.90885148,140.5078978
25-04-2011,84.3513255,139.9985692
26-04-2011,85.39570515,140.6832404
27-04-2011,85.56845968,142.2529745
28-04-2011,85.44282003,142.5953101
29-04-2011,85.93752618,142.4283171
02-05-2011,84.94811387,143.739212
03-05-2011,83.36976567,144.3403868
04-05-2011,82.19974635,142.4617157
05-05-2011,80.58213575,140.6581914
06-05-2011,80.78630019,141.6434501
09-05-2011,81.73645011,141.8195713
10-05-2011,81.94846703,142.8930725
11-05-2011,80.29944652,142.1550405
12-05-2011,80.69207045,144.453004
13-05-2011,80.40152874,142.507283
16-05-2011,79.82044532,141.6182899
17-05-2011,79.45923131,142.9937133
18-05-2011,81.39803338,142.9433929
19-05-2011,82.19729465,143.0691938
20-05-2011,81.16854253,142.7085645
23-05-2011,80.21892518,141.1150862
24-05-2011,80.93113819,140.8886445
25-05-2011,81.70665902,140.6873631
26-05-2011,81.79370728,140.2093196
27-05-2011,81.67500511,140.4776949
31-05-2011,83.02029635,141.676997
01-06-2011,81.1052347,139.6893424
02-06-2011,80.02108823,139.2951662
03-06-2011,79.9261265,138.4229465
06-06-2011,78.88154742,138.1713446
07-06-2011,78.71536439,137.2823515
08-06-2011,79.09521132,137.8274888
09-06-2011,80.10813649,138.2468252
10-06-2011,78.87363394,136.8546283
13-06-2011,78.28803658,136.8462416
14-06-2011,79.60958739,137.6429808
15-06-2011,77.87653573,136.1417565
16-06-2011,78.68371047,136.4269052
17-06-2011,78.47796005,137.9113561
20-06-2011,79.06355741,138.3977863
21-06-2011,80.39302169,139.4041937
22-06-2011,79.98152085,138.9513104
23-06-2011,78.62831613,139.3203264
24-06-2011,77.47294836,138.4397199
27-06-2011,78.26429615,140.5783356
28-06-2011,79.41175044,142.5827636
29-06-2011,80.14770388,143.0272602
30-06-2011,81.38220643,143.8743197
01-07-2011,82.37139116,146.3819514
05-07-2011,83.18647938,147.1283702
06-07-2011,83.15482547,149.0405442
07-07-2011,84.34976063,148.0089766
08-07-2011,83.79581718,148.0173634
11-07-2011,82.62462245,146.7593542
12-07-2011,82.6087955,145.9710017
13-07-2011,83.16273895,146.1974434
14-07-2011,82.83037288,146.1219628
15-07-2011,84.03322152,147.2206242
18-07-2011,84.06487543,147.0025693
19-07-2011,85.05406016,155.3305902
20-07-2011,84.753348,154.0222607
21-07-2011,86.59718835,155.0706017
22-07-2011,86.23316836,155.3054301
25-07-2011,85.54469579,154.0641943
26-07-2011,85.12528146,153.4184162
27-07-2011,83.59006675,152.0933132
28-07-2011,83.11525808,152.470716
29-07-2011,82.31599682,152.5126496
01-08-2011,83.39222981,151.5901095
02-08-2011,81.86492858,149.325693
03-08-2011,81.31889861,149.9798577
04-08-2011,76.63411971,143.8156126
05-08-2011,77.2434575,145.0736218
08-08-2011,71.41913779,140.0331983
09-08-2011,73.91188332,143.7315844
10-08-2011,71.67236908,136.9329566
11-08-2011,74.44208634,140.4628513
12-08-2011,75.85859887,141.7012631
15-08-2011,78.4225657,145.736632
16-08-2011,77.66287183,144.2623323
17-08-2011,77.91610312,144.464522
18-08-2011,74.37446207,138.0197261
19-08-2011,74.41434541,132.7206717
22-08-2011,74.42232208,133.9338098
23-08-2011,77.6369197,138.43253
24-08-2011,77.8443131,140.488125
25-08-2011,76.54411605,139.4940258
26-08-2011,77.25403959,142.4931726
29-08-2011,78.76163004,145.4249229
30-08-2011,78.49042329,145.3322526
31-08-2011,78.84139673,144.8267785
01-09-2011,78.58614332,143.4956964
02-09-2011,76.90306615,140.6734656
06-09-2011,76.26493263,139.098071
07-09-2011,79.20034684,140.9514764
08-09-2011,78.49839996,139.216015
09-09-2011,75.92991253,135.9472819
12-09-2011,76.5042327,136.8318618
13-09-2011,76.52018604,137.6827433
14-09-2011,77.62096637,140.8925044
15-09-2011,79.17641683,143.2935068
16-09-2011,79.47155358,145.736632
19-09-2011,78.73770003,145.854576
20-09-2011,78.00384648,147.1940826
21-09-2011,75.19605898,145.7619057
22-09-2011,71.92562468,142.055095
23-09-2011,71.79799797,142.661664
26-09-2011,72.97854499,147.0171666
27-09-2011,74.61376214,149.7130289
28-09-2011,73.17796171,149.5782358
29-09-2011,75.29177901,150.9430161
30-09-2011,73.85597858,147.3204511
03-10-2011,71.69430127,145.9893691
04-10-2011,72.97056832,147.2109317
05-10-2011,75.50714907,148.9885159
06-10-2011,75.46726573,153.0660077
07-10-2011,75.29975568,153.6557275
10-10-2011,78.33088991,157.2193205
11-10-2011,77.85228977,155.8545402
12-10-2011,77.99586981,156.7980921
13-10-2011,78.00384648,157.3878119
14-10-2011,80.14159378,160.5133273
17-10-2011,78.65793334,157.1940468
18-10-2011,82.1198077,150.7155527
19-10-2011,81.5534642,149.4434427
20-10-2011,82.47078114,149.3254987
21-10-2011,84.17778831,153.0154602
24-10-2011,84.76806182,153.5377836
25-10-2011,83.3561914,151.9455399
26-10-2011,85.16689527,153.3018956
27-10-2011,87.15308586,156.9834326
28-10-2011,87.45619928,157.9185598
31-10-2011,83.7949082,155.5428312
01-11-2011,81.4258375,152.7795723
02-11-2011,83.38809808,154.9446867
03-11-2011,84.65638845,157.7921913
04-11-2011,84.89568853,157.0171309
07-11-2011,85.92467883,157.8090404
08-11-2011,86.8340191,158.3819112
09-11-2011,83.18070468,154.1442964
10-11-2011,84.1538583,155.0831691
11-11-2011,85.39024201,158.4918692
14-11-2011,84.68829513,158.4664943
15-11-2011,82.37506111,159.6506581
16-11-2011,81.25035078,157.8490375
17-11-2011,80.47041173,157.0962476
18-11-2011,78.70147782,156.6817903
21-11-2011,76.91646269,153.5014646
22-11-2011,77.52754895,153.3576732
23-11-2011,75.38070644,150.5156801
25-11-2011,74.20677757,149.7628902
28-11-2011,77.00490939,154.1189214
29-11-2011,78.307488,153.0447157
30-11-2011,82.67353851,159.0162846
01-12-2011,81.87751825,160.24274
02-12-2011,81.76494973,160.4203646
05-12-2011,82.67353851,161.4184455
06-12-2011,83.91179225,163.1946913
07-12-2011,84.04044199,164.133564
08-12-2011,82.21522382,162.0443607
09-12-2011,83.82334556,164.564938
12-12-2011,82.87455373,162.5518595
13-12-2011,83.31678721,161.6806532
14-12-2011,80.83223912,159.6252832
15-12-2011,80.14074678,158.5764524
16-12-2011,81.09757921,155.269252
19-12-2011,80.18094982,154.6940867
20-12-2011,83.35699025,158.3734529
21-12-2011,84.77213738,153.4930062
22-12-2011,85.47971095,153.9751301
23-12-2011,86.43654338,156.2673329
27-12-2011,86.8224926,156.4364992
28-12-2011,85.19828964,155.6245011
29-12-2011,86.41242155,157.4768717
30-12-2011,85.55207642,155.5314597
03-01-2012,88.74419807,157.5783714
04-01-2012,88.59142651,156.9355396
05-01-2012,87.72304077,156.1912081
06-01-2012,87.08783268,154.3980457
09-01-2012,88.03662451,153.594506
10-01-2012,87.69087833,153.3576732
11-01-2012,86.65363981,154.2119629
12-01-2012,84.40226938,152.7148415
13-01-2012,85.30281755,151.5391359
17-01-2012,85.8093759,152.2496342
18-01-2012,85.8978226,153.1546737
19-01-2012,85.97822868,152.6894665
20-01-2012,85.94606625,159.4561169
23-01-2012,86.04255355,160.6910306
24-01-2012,85.8093759,162.3404017
25-01-2012,86.62147738,162.1712354
26-01-2012,85.70484799,161.5368619
27-01-2012,83.5901679,161.0970296
30-01-2012,83.14793443,162.8225255
31-01-2012,82.91475677,162.9071086
01-02-2012,82.64941669,162.9240253
02-02-2012,83.37307147,162.0020691
03-02-2012,84.82842164,163.7867732
06-02-2012,85.76917286,163.0931915
07-02-2012,85.8978226,163.5414821
08-02-2012,85.84153834,163.8375231
09-02-2012,85.5279546,163.9903645
10-02-2012,84.65152825,163.38749
13-02-2012,85.53599521,163.5573138
14-02-2012,85.6244419,163.2176661
15-02-2012,85.07768051,163.2431397
16-02-2012,86.30928122,163.8969614
17-02-2012,86.42271813,164.236609
21-02-2012,87.84067947,164.2111355
22-02-2012,87.10333957,164.6187126
23-02-2012,87.79206365,167.7944179
24-02-2012,88.3835561,167.9217858
27-02-2012,88.82920109,167.7264884
28-02-2012,88.81299582,168.1085919
29-02-2012,88.41596664,167.0471931
01-03-2012,88.93453536,167.7264884
02-03-2012,88.81299582,168.8133608
05-03-2012,88.57801937,170.384231
06-03-2012,88.19719546,167.4972262
07-03-2012,88.69145627,167.9302769
08-03-2012,89.15330654,169.6624798
09-03-2012,88.78058527,170.3502663
12-03-2012,89.12899863,170.6729315
13-03-2012,90.09321234,173.0334825
14-03-2012,89.68808053,173.8316544
15-03-2012,89.15330654,174.9185268
16-03-2012,89.35587245,174.927018
19-03-2012,89.69618317,174.6807735
20-03-2012,88.3835561,173.4325685
21-03-2012,87.43554766,173.8061809
22-03-2012,85.36127278,174.4854761
23-03-2012,86.17963904,174.4769849
26-03-2012,87.3788292,176.4214676
27-03-2012,86.7306183,175.9204873
28-03-2012,85.79881514,176.0138904
29-03-2012,86.57666822,176.8460271
30-03-2012,86.86836312,177.1686923
02-04-2012,87.75155047,177.86497
03-04-2012,86.81164467,177.8904435
04-04-2012,85.56383869,174.9609828
05-04-2012,84.87511461,174.4684937
09-04-2012,83.85418244,174.0184606
10-04-2012,82.20124465,171.8022599
11-04-2012,81.79611283,172.0145396
12-04-2012,83.12494518,174.3411259
13-04-2012,81.65836802,172.2013458
16-04-2012,82.24986046,172.1334163
17-04-2012,83.95951671,176.1497495
18-04-2012,83.77315608,169.9341979
19-04-2012,83.06012409,169.4077441
20-04-2012,83.06822672,169.4841648
23-04-2012,83.00340563,168.6520281
24-04-2012,83.48146117,169.8238125
25-04-2012,84.14587734,172.8551675
26-04-2012,86.06620213,174.5618968
27-04-2012,86.04999686,175.6063133
30-04-2012,86.34169176,175.8355754
01-05-2012,87.72724256,176.616765
02-05-2012,86.72251567,176.6677121
03-05-2012,85.8798415,175.9714345
04-05-2012,84.04054307,174.0609166
07-05-2012,83.70833499,173.0080089
08-05-2012,83.32751108,171.8022599
09-05-2012,82.46863164,171.5890845
10-05-2012,83.74884817,171.0518827
11-05-2012,83.20597154,171.5379225
14-05-2012,82.59827382,170.0627492
15-05-2012,81.75559965,169.7216687
16-05-2012,81.83662602,170.3100326
17-05-2012,81.86932796,168.7410622
18-05-2012,80.49584613,167.0271325
21-05-2012,81.50143104,168.630211
22-05-2012,81.19893802,167.8286718
23-05-2012,80.93732243,167.2317808
24-05-2012,81.80392407,167.2061998
25-05-2012,80.82286561,165.6798645
29-05-2012,81.95108284,167.5216993
30-05-2012,79.8172807,165.8759858
31-05-2012,80.37321382,164.4860826
01-06-2012,78.81987127,161.2287636
04-06-2012,78.95885455,160.7683049
05-06-2012,78.88527517,161.3310878
06-06-2012,81.5913614,165.4155271
07-06-2012,82.07371514,165.7992426
08-06-2012,82.44161206,166.3961336
11-06-2012,81.68129176,164.1535291
12-06-2012,82.35985719,165.8930398
13-06-2012,81.86115248,164.6566229
14-06-2012,83.32456467,166.3620255
15-06-2012,85.29485707,169.7728308
18-06-2012,84.58358969,169.0821427
19-06-2012,85.07411891,169.6278715
20-06-2012,84.72257297,169.4999663
21-06-2012,81.77122212,164.9039063
22-06-2012,82.11459258,165.1682437
25-06-2012,81.00272633,164.4519746
26-06-2012,82.53154242,163.6760164
27-06-2012,83.85597133,164.5713528
28-06-2012,84.58358969,163.2070307
29-06-2012,86.25138906,166.7713221
02-07-2012,86.54570659,166.9844975
03-07-2012,87.78020515,167.0697676
05-07-2012,86.68468987,166.5240388
06-07-2012,85.89984311,163.2155577
09-07-2012,85.4011384,161.7318574
10-07-2012,84.92696015,158.8241459
11-07-2012,85.7199824,157.9629176
12-07-2012,85.86714116,156.1210828
13-07-2012,86.6683389,158.6109706
16-07-2012,87.29785141,157.570675
17-07-2012,87.82925807,156.5985955
18-07-2012,88.19715499,160.5210215
19-07-2012,88.98200175,166.5666738
20-07-2012,89.2681438,164.102367
23-07-2012,88.2543834,162.7209909
24-07-2012,86.90542803,162.3031673
25-07-2012,86.70921634,162.9341662
26-07-2012,88.51599899,165.381419
27-07-2012,89.32537221,167.4620102
30-07-2012,89.78319949,167.7092936
31-07-2012,89.5869878,167.1124027
01-08-2012,90.33913261,166.4302416
02-08-2012,89.31719673,165.8077697
03-08-2012,90.84601282,169.278264
06-08-2012,91.00134707,169.4829123
07-08-2012,91.52457825,170.4805728
08-08-2012,91.6799125,170.4379378
09-08-2012,92.08051137,169.9155686
10-08-2012,92.83265618,170.6605869
13-08-2012,92.61191803,170.4208109
14-08-2012,92.64461998,169.804244
15-08-2012,92.76725229,169.8984417
16-08-2012,93.38531606,171.9879185
17-08-2012,92.84141994,172.3133288
20-08-2012,92.72604804,171.6967619
21-08-2012,92.28104212,170.1125275
22-08-2012,92.42113657,168.9136473
23-08-2012,91.71242344,167.5863157
24-08-2012,92.30576467,169.3589457
27-08-2012,92.07502086,167.5777523
28-08-2012,92.58595358,166.8755511
29-08-2012,92.13270681,167.0553831
30-08-2012,91.41575283,165.5910367
31-08-2012,92.42937742,166.8584242
04-09-2012,91.65473749,166.5929579
05-09-2012,91.28389923,167.0211294
06-09-2012,93.1463314,170.4978818
07-09-2012,93.94569389,170.840419
10-09-2012,93.91273049,172.0821162
11-09-2012,94.09402919,174.0688319
12-09-2012,94.3412547,174.4970034
13-09-2012,96.05535157,176.7149316
14-09-2012,96.62397025,177.1002859
17-09-2012,96.53332089,177.3914425
18-09-2012,96.39322644,177.3229351
19-09-2012,96.08831498,176.7748756
20-09-2012,97.11842127,176.5607899
21-09-2012,97.07721702,176.3895213
24-09-2012,97.05661489,175.7986447
25-09-2012,96.35647225,175.5331783
26-09-2012,95.84108946,174.6939622
27-09-2012,96.582766,176.3295773
28-09-2012,96.05535157,177.6483454
01-10-2012,96.62397025,180.2345011
02-10-2012,97.20907062,179.6950051
03-10-2012,95.70923586,180.2687549
04-10-2012,96.54156174,180.1659937
05-10-2012,96.82999151,180.3372623
08-10-2012,96.92888171,179.6778782
09-10-2012,96.7146196,178.1107706
10-10-2012,92.66836208,176.2525064
11-10-2012,93.17105395,176.2011258
12-10-2012,92.35520977,177.9480655
15-10-2012,92.97327355,178.915733
16-10-2012,94.01986154,180.6883629
17-10-2012,94.91811423,171.8080865
18-10-2012,94.48546958,166.952622
19-10-2012,93.43476117,165.5824732
22-10-2012,92.90734674,166.4730699
23-10-2012,90.13842103,163.7755896
24-10-2012,90.41036909,163.3217278
25-10-2012,91.44047538,164.0753096
26-10-2012,91.62177409,165.5054024
31-10-2012,90.84771102,166.5843945
01-11-2012,91.8525179,168.828013
02-11-2012,89.30609514,165.6424172
05-11-2012,89.98184487,166.2504207
06-11-2012,90.94602436,167.0468197
07-11-2012,88.59738202,164.4264102
08-11-2012,87.24588256,163.5146505
09-11-2012,87.22116001,163.1189812
12-11-2012,87.29532766,162.7835224
13-11-2012,86.75967239,161.9835822
14-11-2012,85.21039253,159.5665587
15-11-2012,84.47907953,159.85901
16-11-2012,85.12726043,160.7965742
19-11-2012,86.7483362,163.7296882
20-11-2012,86.09159268,162.7405149
21-11-2012,86.54050597,163.6780791
23-11-2012,87.67941561,166.4305614
26-11-2012,87.28038157,165.9058695
27-11-2012,85.94195492,164.4866208
28-11-2012,87.77086091,165.1317338
29-11-2012,87.9454383,164.744666
30-11-2012,87.8623062,163.488846
03-12-2012,87.00604567,162.9813571
04-12-2012,86.42412104,162.878139
05-12-2012,87.43001934,162.267432
06-12-2012,88.49411009,163.1705902
07-12-2012,88.94302338,165.1059293
10-12-2012,88.91808375,165.6822303
11-12-2012,89.56651406,167.0412684
12-12-2012,89.84916316,165.96608
13-12-2012,89.70783861,165.1403353
14-12-2012,89.63301973,164.9425007
17-12-2012,90.3479557,166.542381
18-12-2012,91.52843139,168.322893
19-12-2012,91.37048041,167.798201
20-12-2012,91.76120124,167.5315543
21-12-2012,91.20421623,166.3703509
24-12-2012,90.30638966,165.4929971
26-12-2012,90.16506511,165.1059293
27-12-2012,90.21494436,165.7596439
28-12-2012,88.49411009,163.2824098
31-12-2012,89.89904242,164.761869
02-01-2013,91.76951445,168.8905924
03-01-2013,91.37879362,167.9616297
04-01-2013,91.86095975,166.8606368
07-01-2013,91.23746907,166.1295087
08-01-2013,90.83012183,165.897268
09-01-2013,91.06289168,165.4241851
10-01-2013,91.83602012,165.9058695
11-01-2013,92.88348446,167.2563061
14-01-2013,93.81456387,165.6822303
15-01-2013,94.3050432,165.5790122
16-01-2013,94.74564328,165.6564258
17-01-2013,95.38576037,166.5681855
18-01-2013,95.80142083,167.2735091
22-01-2013,96.35840583,168.6583518
23-01-2013,95.61021702,176.0900539
24-01-2013,96.01756426,175.8320087
25-01-2013,96.59948889,176.3050916
28-01-2013,96.46647755,176.2706856
29-01-2013,97.439123,175.3847303
30-01-2013,96.80731912,175.0578731
31-01-2013,95.72660194,174.6708052
01-02-2013,96.84888516,176.4857232
04-02-2013,95.76816799,175.2901138
05-02-2013,96.27527374,174.429963
06-02-2013,96.35840583,173.6386244
07-02-2013,95.61853023,172.532976
08-02-2013,96.13394919,174.2087243
11-02-2013,96.13394919,172.8957669
12-02-2013,96.84888516,172.7921123
13-02-2013,96.7906927,172.8353017
14-02-2013,96.94149617,172.4552351
15-02-2013,96.31314838,173.6040729
19-02-2013,97.11743355,173.0339729
20-02-2013,96.33828229,172.1615472
21-02-2013,96.33828229,171.3150352
22-02-2013,97.15094543,173.6990895
25-02-2013,95.12347658,170.6067292
26-02-2013,96.31314838,172.0147033
27-02-2013,97.72902539,174.7701864
28-02-2013,98.14792391,173.4745047
01-03-2013,97.93847465,175.2711833
04-03-2013,98.43277491,177.2406195
05-03-2013,98.80140561,178.3980952
06-03-2013,99.25381601,179.9961026
07-03-2013,99.32921775,180.8944419
08-03-2013,99.33759572,181.7236782
11-03-2013,99.47164325,181.4645419
12-03-2013,99.06950066,181.8705222
13-03-2013,99.16165834,183.1748417
14-03-2013,100.5356455,186.4054081
15-03-2013,100.2675504,185.6452749
18-03-2013,99.80676206,184.1681977
19-03-2013,100.0832351,184.3668689
20-03-2013,100.8288745,185.7662052
21-03-2013,100.8204965,183.3475993
22-03-2013,101.524246,183.1921175
25-03-2013,100.686449,182.0346418
26-03-2013,101.3566866,183.4339781
27-03-2013,100.6948269,182.16421
28-03-2013,99.54704498,184.2459386
01-04-2013,100.2089046,183.4512538
02-04-2013,99.69784845,185.1615537
03-04-2013,98.67573605,183.6931144
04-04-2013,98.9186972,182.5270009
05-04-2013,98.45790882,180.8858041
08-04-2013,98.70086996,180.8080632
09-04-2013,99.39624151,180.7216844
10-04-2013,100.2340386,183.1230145
11-04-2013,101.3315527,183.9176993
12-04-2013,100.4853777,182.587466
15-04-2013,97.66200163,180.7562359
16-04-2013,98.03063233,183.1230145
17-04-2013,96.18747883,181.1103889
18-04-2013,96.84096052,178.9336436
19-04-2013,97.10067761,164.1196828
22-04-2013,97.66200163,162.2452632
23-04-2013,98.42439694,165.5103811
24-04-2013,99.09463458,165.5967599
25-04-2013,99.2873279,167.5316446
26-04-2013,100.5691574,167.8426082
29-04-2013,101.6415376,172.0233412
30-04-2013,102.2196176,174.9515818
01-05-2013,100.7618507,172.4379593
02-05-2013,102.2447515,174.8220137
03-05-2013,103.4595572,176.6532438
06-05-2013,103.2584859,175.1588909
07-05-2013,103.0825485,175.8931106
08-05-2013,103.3506436,177.7416165
09-05-2013,103.5852267,176.3705016
10-05-2013,103.24173,177.4378885
13-05-2013,102.9233671,175.7023
14-05-2013,104.7246307,176.3444677
15-05-2013,103.8952116,176.4399251
16-05-2013,103.6840597,177.6288032
17-05-2013,104.2415009,180.8830316
20-05-2013,105.3901675,180.1540844
21-05-2013,106.3699126,181.0652684
22-05-2013,105.5168587,179.62473
23-05-2013,105.9138244,178.9044607
24-05-2013,105.9560548,178.5226313
28-05-2013,106.7837705,180.3102874
29-05-2013,105.9898391,180.4317786
30-05-2013,105.6688881,181.6814023
31-05-2013,103.6756136,180.518558
03-06-2013,104.8073881,181.3256067
04-06-2013,103.8529813,178.9304946
05-06-2013,102.6789763,175.9366044
06-06-2013,101.8512607,176.8564663
07-06-2013,102.7887754,179.0693416
10-06-2013,103.6249371,177.9151753
11-06-2013,102.5776234,177.0126693
12-06-2013,101.3276038,174.6002013
13-06-2013,102.7549911,176.8304325
14-06-2013,101.5894322,175.4679955
17-06-2013,102.3833636,176.1969427
18-06-2013,102.636746,177.7850062
19-06-2013,101.7752459,175.242369
20-06-2013,99.62149593,171.2591935
21-06-2013,100.4492116,169.6190624
24-06-2013,98.66708906,167.9528974
25-06-2013,99.199192,169.2025211
26-06-2013,99.7904175,169.0983858
27-06-2013,100.2633979,169.7839433
28-06-2013,99.95089299,165.8441574
01-07-2013,100.5759028,165.9916824
02-07-2013,100.6350253,166.1825972
03-07-2013,100.5759028,167.7012371
05-07-2013,101.783692,169.1591314
08-07-2013,102.4002558,169.2025211
09-07-2013,104.1148097,166.0090383
10-07-2013,103.8023048,166.8334428
11-07-2013,104.5371136,167.3107297
12-07-2013,104.7820499,166.6772399
15-07-2013,105.3057068,168.3520828
16-07-2013,104.8327264,168.2219136
17-07-2013,105.0269862,168.8293696
18-07-2013,105.972947,171.8145818
19-07-2013,107.1891823,167.9528974
22-07-2013,107.2905352,168.4301842
23-07-2013,107.484795,169.2025211
24-07-2013,106.733094,170.6170257
25-07-2013,107.9070989,171.1463802
26-07-2013,107.7381774,171.2591935
29-07-2013,106.5641725,170.269908
30-07-2013,106.2347754,170.0963492
31-07-2013,106.3276823,169.2545888
01-08-2013,106.7922166,169.9227903
02-08-2013,105.5337509,169.3587241
05-08-2013,104.7229273,169.6537741
06-08-2013,104.0050107,165.7400221
07-08-2013,104.1654862,164.4556866
08-08-2013,103.9458881,163.9062218
09-08-2013,103.4644616,163.8102835
12-08-2013,102.8732361,164.9179348
13-08-2013,103.4644616,164.3335833
14-08-2013,103.0843881,163.5573553
15-08-2013,102.4087018,162.0397858
16-08-2013,102.0935981,161.647311
19-08-2013,101.0546076,160.6792063
20-08-2013,100.7395039,160.9670212
21-08-2013,100.2370412,161.2286711
22-08-2013,100.7395039,161.516486
23-08-2013,101.7955271,161.7170843
26-08-2013,101.2079013,161.1240112
27-08-2013,101.1823523,159.3796785
28-08-2013,103.7372472,158.873822
29-08-2013,102.5108976,159.2924618
30-08-2013,102.5619955,158.9697603
03-09-2013,102.6641913,160.4437214
04-09-2013,102.9281971,159.7198234
05-09-2013,103.3625292,160.609433
06-09-2013,103.2262682,159.6326067
09-09-2013,104.0864161,161.3333311
10-09-2013,104.7592051,162.7462406
11-09-2013,105.5341899,166.3221226
12-09-2013,105.5086409,166.3482876
13-09-2013,105.7215488,167.6042071
16-09-2013,105.6704509,168.4589302
17-09-2013,105.8918751,167.5954855
18-09-2013,107.1522899,169.5665814
19-09-2013,106.8286699,168.6682501
20-09-2013,106.3858215,165.7290495
23-09-2013,106.8968004,166.5750508
24-09-2013,106.0196199,165.6854412
25-09-2013,105.6619346,165.249358
26-09-2013,105.1679883,165.9034828
27-09-2013,104.4441014,163.0253338
30-09-2013,103.4732414,161.5077644
01-10-2013,103.3199477,162.554364
02-10-2013,102.9026482,161.3158878
03-10-2013,100.7054386,160.3565048
04-10-2013,100.6032428,160.5658247
07-10-2013,100.3818186,158.742997
08-10-2013,99.41095854,155.8735698
09-10-2013,98.89997957,158.1412023
10-10-2013,99.11288748,161.1501762
11-10-2013,100.2114923,162.3624874
14-10-2013,100.986477,163.0689421
15-10-2013,100.6202754,161.0542379
16-10-2013,101.4804234,162.8596222
17-10-2013,101.7878624,152.4808427
18-10-2013,101.8977229,151.565068
21-10-2013,102.0425002,150.762675
22-10-2013,102.7408382,152.6029459
23-10-2013,102.306506,153.300679
24-10-2013,102.6727076,155.0711767
25-10-2013,102.6982566,154.2426187
28-10-2013,102.9707787,154.6787019
29-10-2013,103.4732414,158.8389353
30-10-2013,102.4512834,157.1207676
31-10-2013,102.1617287,156.3009313
01-11-2013,100.501047,156.3183746
04-11-2013,100.5776939,157.2254276
05-11-2013,100.8757649,155.114785
06-11-2013,103.166654,157.112046
07-11-2013,102.1191471,157.8222461
08-11-2013,103.2092356,157.8134782
11-11-2013,103.1155561,160.347402
12-11-2013,102.1957939,160.5139922
13-11-2013,102.2724408,160.9348515
14-11-2013,102.6727076,159.7599525
15-11-2013,103.102085,160.619207
18-11-2013,103.5314623,161.7414985
19-11-2013,104.8195943,162.4253949
20-11-2013,104.768069,162.3727875
21-11-2013,106.0218508,161.4433898
22-11-2013,106.511341,158.9620734
25-11-2013,106.2623021,156.8928484
26-11-2013,105.4378977,155.4636803
27-11-2013,105.128746,156.9191521
29-11-2013,105.1459211,157.5416732
02-12-2013,105.0600456,155.6127346
03-12-2013,105.2146214,154.3852283
04-12-2013,104.5705554,154.0871196
05-12-2013,103.9951898,154.3852283
06-12-2013,105.0171079,155.7793248
09-12-2013,105.9188003,155.5951988
10-12-2013,106.1936018,155.2970901
11-12-2013,104.8539445,153.6136528
12-12-2013,103.9007268,152.0091267
13-12-2013,102.9646842,151.5093562
16-12-2013,103.2394857,155.937147
17-12-2013,101.9685288,154.1046554
18-12-2013,104.4245671,156.6824187
19-12-2013,105.8157497,158.0151399
20-12-2013,105.4378977,157.8397819
23-12-2013,105.4550727,159.7774883
24-12-2013,106.0647886,160.6455107
26-12-2013,107.1811696,162.5130739
27-12-2013,107.5418466,162.2763406
30-12-2013,106.6830919,163.4424716
31-12-2013,107.2670451,164.4595483
02-01-2014,106.605804,162.6708962
03-01-2014,106.7861425,163.6441334
06-01-2014,106.5027534,163.0829876
07-01-2014,107.4044458,166.3358795
08-01-2014,105.8758625,164.8102644
09-01-2014,105.8758625,164.2929582
10-01-2014,103.9179019,164.1877433
13-01-2014,102.4064937,161.4696935
14-01-2014,102.6812952,163.0128444
15-01-2014,102.3463809,164.6086027
16-01-2014,102.0458167,165.5029287
17-01-2014,102.4408439,166.6690598
21-01-2014,103.3597114,165.2135879
22-01-2014,103.4198242,159.7950242
23-01-2014,101.6679647,160.2158835
24-01-2014,99.86457988,157.5066016
27-01-2014,99.98480553,155.9809865
28-01-2014,100.3368949,155.0603568
29-01-2014,99.61554103,154.6658012
30-01-2014,100.0019806,155.5075198
31-01-2014,95.86278315,154.9113024
03-02-2014,95.44199336,151.5970353
04-02-2014,95.17577942,151.5444278
05-02-2014,94.05081081,152.7719342
06-02-2014,95.55363147,153.9819048
07-02-2014,96.22346011,156.2563269
10-02-2014,95.91430843,156.1593554
11-02-2014,97.53735474,158.4161464
12-02-2014,97.06503968,158.8921882
13-02-2014,97.48092131,160.3026825
14-02-2014,98.32134877,161.9335666
18-02-2014,97.65420532,161.4927872
19-02-2014,98.42531918,161.281213
20-02-2014,99.29173924,162.4360552
21-02-2014,97.62821272,161.1401636
24-02-2014,98.90185021,161.7219925
25-02-2014,99.61231466,161.5280495
26-02-2014,100.0801815,162.2597435
27-02-2014,100.2361371,163.3264298
28-02-2014,99.92422588,163.2382739
03-03-2014,99.49968005,162.4360552
04-03-2014,99.91556168,164.3578538
05-03-2014,99.14444783,164.9749451
06-03-2014,99.50834425,165.4157246
07-03-2014,99.70762087,165.4509869
10-03-2014,100.3661001,164.3137758
11-03-2014,99.21376143,164.6399527
12-03-2014,100.2014803,164.1639108
13-03-2014,99.16177623,162.118694
14-03-2014,98.85852921,160.6288594
17-03-2014,99.69895667,163.8024716
18-03-2014,100.7126681,164.6840306
19-03-2014,99.81159128,162.8327568
20-03-2014,100.0801815,165.6449299
21-03-2014,100.1841519,164.5606124
24-03-2014,100.3747643,165.9534755
25-03-2014,101.4491252,171.9392609
26-03-2014,101.9863056,169.8058882
27-03-2014,101.9516488,167.3463387
28-03-2014,102.6707775,167.8929053
31-03-2014,103.0260097,169.6912855
01-04-2014,103.1039875,171.4632191
02-04-2014,103.4072345,170.6257381
03-04-2014,103.1386443,169.8675973
04-04-2014,102.9307035,169.0565631
07-04-2014,101.6657302,171.4808502
08-04-2014,102.0642834,170.3965327
09-04-2014,103.1906295,173.3497553
10-04-2014,101.1025572,172.5034587
11-04-2014,101.39714,172.0714948
14-04-2014,102.8440615,174.3459169
15-04-2014,104.2303336,173.6847477
16-04-2014,105.5559563,173.1381811
17-04-2014,107.1588334,167.5050193
21-04-2014,107.6440286,169.4973426
22-04-2014,107.4360878,169.3915555
23-04-2014,108.0339177,169.0213007
24-04-2014,107.6960139,167.6901467
25-04-2014,107.4274236,167.1700269
28-04-2014,108.9349945,170.2642989
29-04-2014,109.1429354,172.00097
30-04-2014,108.7530463,173.1998902
01-05-2014,108.2505227,170.6081069
02-05-2014,108.0599103,168.7656486
05-05-2014,108.6144191,168.606968
06-05-2014,108.2765153,167.5226505
07-05-2014,109.3682046,167.8488273
08-05-2014,108.3804857,167.5030215
09-05-2014,108.3285005,168.540439
12-05-2014,108.5104487,170.7482761
13-05-2014,109.0389649,170.4113371
14-05-2014,109.5328244,167.334552
15-05-2014,108.1985375,165.3306516
16-05-2014,107.6479755,165.8626605
19-05-2014,107.4469767,165.8094596
20-05-2014,107.0537181,163.9385614
21-05-2014,108.5044053,165.2685838
22-05-2014,108.0412341,164.6390399
23-05-2014,107.814018,164.8695771
27-05-2014,107.3508468,163.8410265
28-05-2014,107.0711963,162.3336677
29-05-2014,106.8964147,162.9366112
30-05-2014,107.3071514,163.4686202
02-06-2014,106.8002848,164.6479067
03-06-2014,107.0974135,163.477487
04-06-2014,106.9226319,163.6016224
05-06-2014,107.9451042,164.9050444
06-06-2014,108.5306225,165.2508502
09-06-2014,108.6879259,165.117848
10-06-2014,109.5356166,163.4065525
11-06-2014,109.3957913,161.597722
12-06-2014,110.2085257,160.68444
13-06-2014,111.2135198,161.8725933
16-06-2014,112.3321219,161.6863902
17-06-2014,112.5855552,161.6065888
18-06-2014,113.8527216,162.7947422
19-06-2014,115.3471041,162.1031305
20-06-2014,115.6529719,160.9770449
23-06-2014,116.212273,161.500187
24-06-2014,115.1548444,160.3829682
25-06-2014,114.6829341,160.2410992
26-06-2014,114.4120227,159.9307606
27-06-2014,113.9226343,161.1189139
30-06-2014,114.0886768,160.728774
01-07-2014,114.0799377,165.2331166
02-07-2014,113.8090262,167.041947
03-07-2014,114.6479778,167.1660825
07-07-2014,114.0187641,166.7316085
08-07-2014,113.5206366,166.0045296
09-07-2014,114.8227594,167.0685475
10-07-2014,113.8265044,166.4301367
11-07-2014,112.2709483,166.6961412
14-07-2014,112.9613356,168.345369
15-07-2014,112.9613356,167.1306152
16-07-2014,114.3858054,170.562073
17-07-2014,113.67794,170.6773416
18-07-2014,113.9488515,170.6862084
21-07-2014,114.7353686,169.2231838
22-07-2014,115.8627098,172.0960322
23-07-2014,116.9987901,171.6881586
24-07-2014,117.8464807,173.115716
25-07-2014,116.7278786,172.3709035
28-07-2014,116.439489,173.5945241
29-07-2014,115.7228845,172.5216393
30-07-2014,115.8190144,172.0162308
31-07-2014,112.9438574,169.9502627
01-08-2014,111.7728208,167.7158251
04-08-2014,112.0087759,168.1502991
05-08-2014,109.2035316,165.8981278
06-08-2014,109.8764407,165.8715273
07-08-2014,109.806528,164.3820105
08-08-2014,111.7378645,166.4601987
11-08-2014,111.6067783,167.2094167
12-08-2014,111.0649554,167.0934663
13-08-2014,111.5106484,167.6375413
14-08-2014,110.9513474,167.5751065
15-08-2014,111.134868,167.1291434
18-08-2014,111.3111327,168.8951574
19-08-2014,112.4832927,169.528425
20-08-2014,112.3599074,169.5551828
21-08-2014,112.7476897,170.5630595
22-08-2014,112.0250046,169.8316799
25-08-2014,112.6683706,170.5006246
26-08-2014,113.0297131,172.1328497
27-08-2014,113.3734292,171.4728243
28-08-2014,113.4703748,171.2498427
29-08-2014,114.0873011,171.5174206
02-09-2014,112.4039736,170.8573951
03-09-2014,112.685997,171.2052464
04-09-2014,111.7517944,170.0725
05-09-2014,112.2805883,170.5363017
08-09-2014,111.2318136,169.5908599
09-09-2014,110.3240506,169.4570709
10-09-2014,109.5308596,170.8395566
11-09-2014,109.1342642,171.0001034
12-09-2014,108.1031159,170.6076558
15-09-2014,109.4956067,171.0803767
16-09-2014,110.1301595,172.1060919
17-09-2014,109.9186419,171.9633837
18-09-2014,109.4074744,172.8107137
19-09-2014,109.9891478,173.0336952
22-09-2014,108.8346142,172.2398809
23-09-2014,108.4556452,170.9109107
24-09-2014,107.8739718,171.5263398
25-09-2014,106.3580958,168.5829832
26-09-2014,107.0543412,169.5195058
29-09-2014,106.2435237,169.1448967
30-09-2014,105.1594961,169.3143627
01-10-2014,103.6876862,166.9418388
02-10-2014,103.2117716,166.709938
03-10-2014,103.7405656,168.2797282
06-10-2014,104.0754684,168.609741
07-10-2014,102.2511292,165.6396265
08-10-2014,103.9520832,168.8951574
09-10-2014,100.920331,166.2728942
10-10-2014,100.3739106,165.8358503
13-10-2014,98.73464922,163.686308
14-10-2014,96.7516718,163.9360473
15-10-2014,96.30219692,162.1075985
16-10-2014,97.87976562,160.4040193
17-10-2014,98.53194486,162.3751764
20-10-2014,98.25873464,150.8247313
21-10-2014,101.4314985,145.5891241
22-10-2014,100.4708561,144.3047503
23-10-2014,102.4009541,144.6526015
24-10-2014,102.1541836,144.5634089
27-10-2014,101.3698059,144.3761044
28-10-2014,103.229398,145.9191368
29-10-2014,103.2382113,145.7942671
30-10-2014,103.2910907,146.5880815
31-10-2014,105.7147298,146.6326778
03-11-2014,102.9209349,146.5970008
04-11-2014,101.678269,145.0718069
05-11-2014,103.1588922,144.3315081
06-11-2014,104.4632507,144.9915335
07-11-2014,104.701208,145.5393152
10-11-2014,103.9256435,146.8144792
11-11-2014,104.3839316,146.6438587
12-11-2014,103.6876862,145.4046148
13-11-2014,102.6300982,146.1858772
14-11-2014,103.4585421,147.4161411
17-11-2014,102.9515668,147.4161411
18-11-2014,102.7025263,145.3776747
19-11-2014,103.5919567,144.9645934
20-11-2014,104.3390782,144.2551712
21-11-2014,105.4686548,144.506612
24-11-2014,104.5881187,145.6111554
25-11-2014,103.3073389,145.2609343
26-11-2014,102.3823313,145.4315549
28-11-2014,96.83228576,145.6291155
01-12-2014,99.37605665,145.0633737
02-12-2014,101.4128522,146.0781169
03-12-2014,101.1371288,147.7394221
04-12-2014,99.86524336,147.3173608
05-12-2014,98.61114652,146.6169186
08-12-2014,94.99116486,145.3507346
09-12-2014,95.17794524,146.3654778
10-12-2014,93.26566992,144.1384308
11-12-2014,93.31014144,144.6413124
12-12-2014,91.05988257,139.5316764
15-12-2014,89.70794839,137.4483099
16-12-2014,90.45506991,135.9666053
17-12-2014,94.29740916,136.4335667
18-12-2014,96.97459462,141.5970829
19-12-2014,100.4433731,142.3424252
22-12-2014,99.64288576,144.9735734
23-12-2014,101.3505921,145.6919757
24-12-2014,100.9236655,145.3148145
26-12-2014,100.7279908,145.781776
29-12-2014,100.790251,144.1384308
30-12-2014,100.6034706,143.7253495
31-12-2014,99.77630032,144.0755706
02-01-2015,100.1320725,145.5303352
05-01-2015,96.12963575,143.240428
06-01-2015,96.08516423,140.1512984
07-01-2015,96.0051155,139.2353355
08-01-2015,98.20200854,142.261605
09-01-2015,96.2452617,142.8812269
12-01-2015,94.17288891,140.4835594
13-01-2015,92.67864587,140.8158204
14-01-2015,92.41181675,139.9088376
15-01-2015,91.31781738,138.8042941
16-01-2015,93.49692182,141.1121614
20-01-2015,94.69765284,140.9415408
21-01-2015,96.20079018,136.5772472
22-01-2015,96.87675727,139.5406564
23-01-2015,95.03563638,139.9716978
26-01-2015,96.84118006,140.4117192
27-01-2015,96.28973322,137.9960916
28-01-2015,92.24282498,136.0923257
29-01-2015,91.61132941,139.6214767
30-01-2015,91.19329713,137.6728106
02-02-2015,94.33298638,138.8851144
03-02-2015,97.41930981,142.3065051
04-02-2015,96.36978196,140.9505209
05-02-2015,97.22363512,141.8036235
06-02-2015,97.49046424,141.7228033
09-02-2015,98.21979715,140.8456267
10-02-2015,97.99743956,143.3867259
11-02-2015,97.81955348,143.0611758
12-02-2015,99.55394273,143.3505537
13-02-2015,101.2781315,145.0506486
17-02-2015,100.9368858,145.5570598
18-02-2015,99.17677643,146.6693559
19-02-2015,97.29992508,148.2066758
20-02-2015,97.52442883,147.9896424
23-02-2015,96.85989773,147.3204561
24-02-2015,96.94969923,149.0567232
25-02-2015,97.50646853,147.2300255
26-02-2015,96.14148573,145.4756723
27-02-2015,95.80024003,146.4432795
02-03-2015,95.09978833,145.122993
03-03-2015,94.43525723,145.6203612
04-03-2015,94.43525723,144.1644289
05-03-2015,94.04911079,145.7560071
06-03-2015,92.98945309,143.3324676
09-03-2015,93.34865909,145.3852417
10-03-2015,92.41472349,142.7084966
11-03-2015,92.98047294,141.7951477
12-03-2015,91.97469614,142.8622286
13-03-2015,91.25628414,139.5162971
16-03-2015,92.61228679,142.0483534
17-03-2015,92.64820739,141.9398367
18-03-2015,95.81820033,144.5171082
19-03-2015,94.06707109,144.5171082
20-03-2015,96.11454528,147.2933269
23-03-2015,95.11774863,148.8758621
24-03-2015,93.57316284,147.4018436
25-03-2015,94.89324488,143.9654816
26-03-2015,94.51607858,145.2224667
27-03-2015,93.64500404,145.0506486
30-03-2015,95.99780333,147.1034227
31-03-2015,94.27361454,145.1410791
01-04-2015,94.10299169,143.9473955
02-04-2015,94.54301903,145.0958639
06-04-2015,96.01576363,146.5337101
07-04-2015,97.47054793,146.5608392
08-04-2015,95.78227973,146.361892
09-04-2015,96.04270408,146.8050018
10-04-2015,96.00678348,147.2752408
13-04-2015,95.63859733,146.841174
14-04-2015,97.73995243,146.7688296
15-04-2015,99.14983598,148.4237092
16-04-2015,98.92533223,147.5194034
17-04-2015,97.98241648,145.2948111
20-04-2015,99.04207418,150.2594499
21-04-2015,98.53918578,148.5412689
22-04-2015,98.33264233,149.5360053
23-04-2015,98.75470938,153.9490175
24-04-2015,98.66490788,153.5330369
27-04-2015,98.51224533,154.3921274
28-04-2015,99.78742663,157.2768628
29-04-2015,100.3352158,157.7109296
30-04-2015,99.73354573,154.8985386
01-05-2015,97.91955543,157.0507864
04-05-2015,97.27298463,157.3220781
05-05-2015,96.98561983,156.517246
06-05-2015,96.94071908,154.952797
07-05-2015,96.59947338,155.8093429
08-05-2015,97.56932958,157.349303
11-05-2015,96.41089023,155.9278013
12-05-2015,96.59049323,155.4084065
13-05-2015,96.71621533,156.9848154
14-05-2015,97.38972658,158.5976731
15-05-2015,97.97343633,157.8778101
18-05-2015,96.72190118,157.6955663
19-05-2015,95.24363865,158.0782783
20-05-2015,95.45222784,158.3334196
21-05-2015,95.66988613,157.9507076
22-05-2015,95.12574041,156.9301423
26-05-2015,93.67468517,155.0256945
27-05-2015,93.51144145,156.7296741
28-05-2015,93.62933969,156.4654206
29-05-2015,93.4116814,154.5883093
01-06-2015,93.07612488,155.0712554
02-06-2015,93.0307794,154.5883093
03-06-2015,92.65894649,154.8343385
04-06-2015,91.95155706,153.4310612
05-06-2015,92.13293897,152.5380665
08-06-2015,91.07185482,150.6609553
09-06-2015,91.07185482,150.9707698
10-06-2015,92.35059725,153.9231195
11-06-2015,91.70669149,153.7955488
12-06-2015,90.57305458,152.1644667
15-06-2015,90.04704705,151.4992768
16-06-2015,90.7272292,152.0277839
17-06-2015,90.47329453,152.3284861
18-06-2015,90.9176802,153.3126027
19-06-2015,90.21029077,152.1644667
22-06-2015,90.95395658,152.8387688
23-06-2015,90.77257468,153.6497537
24-06-2015,90.02890886,152.1462423
25-06-2015,89.185483,151.3352574
26-06-2015,89.42127948,150.7703016
29-06-2015,87.68908228,148.5013662
30-06-2015,87.48956218,148.2188883
01-07-2015,87.14493656,149.8864191
02-07-2015,86.94541647,150.4331505
06-07-2015,85.94781599,150.1051117
07-07-2015,86.40127075,150.3511408
08-07-2015,84.85045546,148.6744978
09-07-2015,85.04997555,149.3032389
10-07-2015,85.62132855,152.128018
13-07-2015,85.79364137,154.3422802
14-07-2015,86.65520542,153.6406416
15-07-2015,85.46715394,153.567744
16-07-2015,85.68481222,155.818455
17-07-2015,84.47862255,157.1943958
20-07-2015,84.28817155,157.8413613
21-07-2015,85.1588047,148.5924881
22-07-2015,84.80510998,146.1139723
23-07-2015,84.28817155,147.3714546
24-07-2015,82.16600325,145.5672409
27-07-2015,80.84191534,144.947612
28-07-2015,83.7984404,145.8406066
29-07-2015,84.5693135,146.7882744
30-07-2015,84.36979341,146.6698159
31-07-2015,80.24335505,147.6083715
03-08-2015,77.63145561,144.6195731
04-08-2015,77.2777609,143.60812
05-08-2015,76.20760765,143.8814857
06-08-2015,77.25962271,143.6263444
07-08-2015,75.95367298,142.523788
10-08-2015,77.89445937,144.0214271
11-08-2015,77.79469933,142.8821188
12-08-2015,78.71067795,143.4793368
13-08-2015,77.85818299,142.4778481
14-08-2015,77.98515033,143.1026301
17-08-2015,76.45247323,143.6171564
18-08-2015,76.64537265,143.3415173
19-08-2015,74.32139383,141.4396075
20-08-2015,72.7873841,140.2635474
21-08-2015,69.59076501,136.7629309
24-08-2015,66.24717492,131.8198031
25-08-2015,64.31818065,129.5136227
26-08-2015,67.13818657,134.7875174
27-08-2015,71.31767417,136.4781038
28-08-2015,73.88048085,135.9635775
31-08-2015,74.39487933,135.8808858
01-09-2015,71.82288696,131.0939535
02-09-2015,71.70347303,133.2715024
03-09-2015,71.88718677,134.8610211
04-09-2015,70.42666253,132.0311264
08-09-2015,70.58281921,135.2744798
09-09-2015,68.8191673,133.2715024
10-09-2015,69.49890814,134.3281189
11-09-2015,69.61832207,135.4031114
14-09-2015,69.59995069,133.8227805
15-09-2015,70.88594688,135.5501189
16-09-2015,72.58529898,136.3586602
17-09-2015,72.94354078,136.110585
18-09-2015,71.40953104,132.775352
21-09-2015,71.73103009,134.585382
22-09-2015,70.95943238,132.7018482
23-09-2015,69.92144974,131.9943745
24-09-2015,70.62874764,132.6834723
25-09-2015,71.37278829,133.6114572
28-09-2015,69.59995069,130.946946
29-09-2015,70.04086367,130.9010061
30-09-2015,72.45669936,133.1979986
01-10-2015,71.96067226,131.9300588
02-10-2015,74.9092778,132.8396678
05-10-2015,77.18732819,136.9375023
06-10-2015,79.90629155,136.6986151
07-10-2015,80.94427419,137.9022391
08-10-2015,82.58851217,139.9144045
09-10-2015,82.27619881,140.0154722
12-10-2015,81.51378678,138.866976
13-10-2015,81.18310205,137.4704046
14-10-2015,82.45072686,137.8287354
15-10-2015,83.33255282,137.9022391
16-10-2015,83.85613698,138.1778782
19-10-2015,82.69874041,137.1028858
20-10-2015,82.66199766,129.2196077
21-10-2015,82.05574232,129.4768708
22-10-2015,84.15926465,132.3894573
23-10-2015,83.81020854,132.9315475
26-10-2015,81.54134384,131.9943745
27-10-2015,80.55847533,126.665352
28-10-2015,82.47828392,129.3941791
29-10-2015,82.57014079,129.1369159
30-10-2015,83.47952381,128.7050814
02-11-2015,87.22728412,128.9715325
03-11-2015,90.1483326,130.3589159
04-11-2015,88.88989348,130.1292167
05-11-2015,86.85067095,128.5305099
06-11-2015,86.37301523,128.218119
09-11-2015,84.80226274,125.4914552
10-11-2015,85.63816026,125.639845
11-11-2015,84.68284881,125.2224985
12-11-2015,82.54258373,123.3861739
13-11-2015,81.45867266,122.1897806
16-11-2015,84.98597648,124.0075565
17-11-2015,84.59566363,124.1095745
18-11-2015,85.69225688,125.9644479
19-11-2015,84.40980037,126.8176896
20-11-2015,82.71844469,128.4499781
23-11-2015,83.647761,128.4128806
24-11-2015,84.89304485,128.5427218
25-11-2015,84.44697302,127.9862598
27-11-2015,83.98231487,128.4128806
30-11-2015,84.86516536,129.3032198
01-12-2015,85.94317228,131.028252
02-12-2015,83.87079691,129.5629021
03-12-2015,82.56975408,128.8395015
04-12-2015,83.36896611,130.2399309
07-12-2015,81.11072747,129.4237866
08-12-2015,80.33010177,128.0326316
09-12-2015,81.40810869,126.6971228
10-12-2015,82.98794642,126.8547871
11-12-2015,80.33010177,124.805152
14-12-2015,83.01582591,126.0664659
15-12-2015,86.20338085,127.7914981
16-12-2015,86.83531594,129.1826531
17-12-2015,84.14029864,126.826964
18-12-2015,83.46189774,125.1112061
21-12-2015,82.93218744,125.6676681
22-12-2015,83.88938324,127.9213392
23-12-2015,87.17916297,128.4870756
24-12-2015,85.54356627,128.218119
28-12-2015,83.97302171,127.6245595
29-12-2015,84.80011322,129.637097
30-12-2015,83.7221063,129.2290249
31-12-2015,83.60129518,127.6338339
04-01-2016,82.56975408,126.0850146
05-01-2016,83.27603448,125.992271
06-01-2016,79.98625474,125.361614
07-01-2016,77.15184,123.2192353
08-01-2016,76.32474848,122.0784882
11-01-2016,75.0608783,123.5623869
12-01-2016,76.34333481,123.2563328
13-01-2016,75.58129543,121.6518674
14-01-2016,79.42866495,123.2656072
15-01-2016,77.7558956,120.5945896
19-01-2016,75.74857237,118.8139112
20-01-2016,73.39740211,113.017432
21-01-2016,75.32108687,113.9912405
22-01-2016,77.63508448,113.6109915
25-01-2016,75.17239626,113.2214681
26-01-2016,78.17408794,113.6944608
27-01-2016,77.4027554,112.182739
28-01-2016,79.84685729,113.3513092
29-01-2016,80.35798126,115.7348214
01-02-2016,79.26138802,115.7719189
02-02-2016,75.49765697,114.0190636
03-02-2016,78.63874609,115.6699009
04-02-2016,78.79672986,118.3872903
05-02-2016,77.02173571,119.240532
08-02-2016,79.91190944,118.9715754
09-02-2016,77.05890837,116.2451044
10-02-2016,77.17042632,112.6098098
11-02-2016,77.12396051,110.4173898
12-02-2016,79.3914923,113.4062017
16-02-2016,79.80968464,114.9989854
17-02-2016,83.10332804,118.1470756
18-02-2016,81.6164833,124.0965913
19-02-2016,81.40004388,124.6868582
22-02-2016,83.58325893,125.333341
23-02-2016,79.90378874,124.0497447
24-02-2016,80.24256349,124.4245173
25-02-2016,80.27079472,126.0173011
26-02-2016,79.3768058,123.70308
29-02-2016,78.52045851,122.7661484
01-03-2016,81.05185872,125.8955
02-03-2016,82.0023101,127.703778
03-03-2016,82.36931608,129.1091754
04-03-2016,82.74573247,129.1091754
07-03-2016,85.32418472,131.3109647
08-03-2016,83.50797565,130.2990785
09-03-2016,87.34742281,131.5545669
10-03-2016,88.4013887,131.3484419
11-03-2016,89.00365492,133.3815835
14-03-2016,88.70252181,133.7750948
15-03-2016,88.71193222,133.9437425
16-03-2016,89.77530851,135.6583273
17-03-2016,91.17745956,137.7664234
18-03-2016,91.93029233,137.81327
21-03-2016,90.75399112,139.2561447
22-03-2016,89.86941261,138.7595709
23-03-2016,88.07202436,136.2298556
24-03-2016,89.25773598,138.6190312
28-03-2016,89.09775901,139.0406504
29-03-2016,89.70002523,139.9119968
30-03-2016,89.63415237,139.0500197
31-03-2016,89.77530851,141.8982918
01-04-2016,88.70252181,142.9008086
04-04-2016,87.9214578,142.4791894
05-04-2016,87.20626666,140.539741
06-04-2016,89.24832557,140.5584796
07-04-2016,89.20127352,138.9001107
08-04-2016,90.65047661,139.9307354
11-04-2016,89.62474196,139.8370423
12-04-2016,91.76090496,140.1930763
13-04-2016,91.84559864,141.6921669
14-04-2016,92.20319421,141.6265816
15-04-2016,91.49741349,142.1512633
18-04-2016,92.88074371,142.9101779
19-04-2016,94.57461746,134.9181513
20-04-2016,95.69445621,136.895077
21-04-2016,95.42155433,139.8838889
22-04-2016,95.99558932,139.1343436
25-04-2016,95.52506884,139.4247924
26-04-2016,96.25908079,139.6777639
27-04-2016,97.7271047,140.9800988
28-04-2016,96.3625953,137.7945314
29-04-2016,96.15556629,136.7357987
02-05-2016,97.21894258,136.1080545
03-05-2016,95.34627105,135.0399525
04-05-2016,94.65931114,135.1523842
05-05-2016,95.44037515,137.2323724
06-05-2016,95.85443318,139.3123606
09-05-2016,94.43346131,139.3596524
10-05-2016,95.299219,141.8472043
11-05-2016,95.17688368,140.8824503
12-05-2016,96.09910383,140.7784082
13-05-2016,94.80046729,139.7190706
16-05-2016,96.25908079,141.3648273
17-05-2016,95.81679154,139.983905
18-05-2016,95.16057728,139.3596524
19-05-2016,94.9608599,137.0801848
20-05-2016,94.90379779,139.2745271
23-05-2016,94.51387338,138.8205252
24-05-2016,95.28421185,140.2771145
25-05-2016,96.78684739,143.4740442
26-05-2016,96.5300679,144.1834221
27-05-2016,97.02460618,144.561757
31-05-2016,96.05455032,145.4130105
01-06-2016,96.17818489,144.2496307
02-06-2016,95.6075638,145.1860096
03-06-2016,95.73119837,144.6090489
06-06-2016,96.2162263,144.4577149
07-06-2016,98.26095188,145.0252172
08-06-2016,98.04221379,145.6589282
09-06-2016,97.77592395,145.1103426
10-06-2016,96.98656477,144.1172135
13-06-2016,97.10068899,143.086251
14-06-2016,96.32084017,142.8781668
15-06-2016,95.70266732,142.5187487
16-06-2016,96.12112278,142.8781668
17-06-2016,96.59664036,143.7577954
20-06-2016,97.58571692,145.2900517
21-06-2016,98.18486906,145.70622
22-06-2016,97.28138567,144.637424
23-06-2016,99.32611125,146.9358084
24-06-2016,96.91048196,138.6502745
27-06-2016,95.44588783,135.7276376
28-06-2016,96.65370247,137.8084794
29-06-2016,98.35605539,140.4189901
30-06-2016,99.69701496,143.5591696
01-07-2016,99.05031105,144.0982968
05-07-2016,98.49871066,143.4645859
06-07-2016,99.45925617,144.1172135
07-07-2016,98.00417239,144.3347561
08-07-2016,99.63995285,146.0940133
11-07-2016,100.2295946,146.9168916
12-07-2016,101.5515335,148.5342732
13-07-2016,101.4278989,149.4611937
14-07-2016,101.4754507,151.5987858
15-07-2016,101.7892923,151.1258672
18-07-2016,100.8953192,151.2015341
19-07-2016,100.8477675,150.9366997
20-07-2016,100.4198017,152.6202899
21-07-2016,100.2295946,151.7595781
22-07-2016,100.4863741,153.2918343
25-07-2016,98.02319309,153.8404199
26-07-2016,97.65228938,153.3391262
27-07-2016,97.25285462,153.0648334
28-07-2016,96.80586809,152.6297483
29-07-2016,97.46208235,151.9203704
01-08-2016,94.25709389,152.7054153
02-08-2016,94.71359076,151.8825369
03-08-2016,95.68364662,151.9676623
04-08-2016,95.47441888,152.799999
05-08-2016,95.5885431,154.6443815
08-08-2016,96.24475735,154.5876313
09-08-2016,96.35888157,154.3300488
10-08-2016,95.23666009,154.6257917
11-08-2016,96.43496439,156.0091048
12-08-2016,97.1577511,154.5017705
15-08-2016,97.73788254,154.4349898
16-08-2016,97.59522727,153.3092591
17-08-2016,98.23242082,153.0612168
18-08-2016,99.51053782,153.9389051
19-08-2016,98.32851984,152.6796131
22-08-2016,97.96334356,152.6414528
23-08-2016,97.7134861,152.8894951
24-08-2016,98.21320102,151.7351441
25-08-2016,97.91529405,151.3344603
26-08-2016,97.36752962,151.0387175
29-08-2016,98.06905248,152.3743302
30-08-2016,97.7327059,152.0690473
31-08-2016,96.65639685,151.5729626
01-09-2016,96.30083047,152.2026086
02-09-2016,96.99274343,152.2121487
06-09-2016,98.43422877,152.9753559
07-09-2016,98.86667437,154.2060277
08-09-2016,100.0583022,151.6874437
09-09-2016,97.31948011,148.5296736
12-09-2016,98.26125053,151.0100972
13-09-2016,95.55125809,148.6441547
14-09-2016,94.58065797,146.9650987
15-09-2016,95.61852741,148.5010534
16-09-2016,94.02328364,146.7647568
19-09-2016,94.21548168,147.7473862
20-09-2016,93.888745,147.3467024
21-09-2016,95.74345614,148.3770322
22-09-2016,96.07980272,148.9303574
23-09-2016,95.34945015,147.8523272
26-09-2016,94.92661445,146.8983181
27-09-2016,95.11881249,149.5600034
28-09-2016,98.16515151,151.0100972
29-09-2016,97.31948011,150.8383756
30-09-2016,98.90511398,151.5443423
03-10-2016,98.45344857,150.3613711
04-10-2016,97.31948011,149.2642606
05-10-2016,98.24203072,149.8557463
06-10-2016,98.19398121,149.6649444
07-10-2016,98.28047033,148.5105935
10-10-2016,99.92376362,149.7985057
11-10-2016,99.02043281,147.6710655
12-10-2016,98.16515151,147.1940609
13-10-2016,96.8582048,146.6502757
14-10-2016,97.13689197,147.3467024
17-10-2016,97.40596923,147.6519853
18-10-2016,97.81919502,143.7882485
19-10-2016,98.28047033,144.3034134
20-10-2016,97.89607424,144.5514558
21-10-2016,97.34830981,142.7483786
24-10-2016,96.73327607,143.6451471
25-10-2016,96.838985,143.94089
26-10-2016,97.24260089,144.8281184
27-10-2016,96.0221433,146.2972924
28-10-2016,99.77000518,145.5913257
31-10-2016,100.6637261,146.6216555
01-11-2016,102.3262392,145.7630473
02-11-2016,101.2787598,144.9616797
03-11-2016,101.2787598,145.3623635
04-11-2016,100.6925558,145.419604
07-11-2016,102.6818056,148.5582939
08-11-2016,103.1046413,149.3692016
09-11-2016,103.4409878,149.0226597
10-11-2016,103.5851364,154.2304149
11-11-2016,102.4799976,155.2411622
14-11-2016,102.4319481,152.2955558
15-11-2016,104.7094949,152.7383594
16-11-2016,105.1611603,153.3351816
17-11-2016,104.9379295,153.826116
18-11-2016,105.9861441,154.3940597
21-11-2016,106.9373018,156.685087
22-11-2016,107.3643522,156.5888253
23-11-2016,107.7331684,155.92462
25-11-2016,107.7331684,157.0412551
28-11-2016,107.2478839,158.3696659
29-11-2016,106.1220237,157.4166755
30-11-2016,108.2766871,156.1556479
01-12-2016,109.9557716,153.8453683
02-12-2016,109.6743066,154.0378916
05-12-2016,109.9169489,153.8646207
06-12-2016,109.44137,154.3555551
07-12-2016,111.0719261,158.6295723
08-12-2016,111.7804415,159.1782637
09-12-2016,112.4016057,160.2948988
12-12-2016,113.7021683,159.31303
13-12-2016,113.9642219,161.99873
14-12-2016,112.5471911,162.2105057
15-12-2016,113.6051114,161.7388236
16-12-2016,114.6047975,160.4970483
19-12-2016,114.1874528,160.4489175
20-12-2016,114.4786236,161.3345247
21-12-2016,114.4398008,161.0746182
22-12-2016,115.2744902,160.8147118
23-12-2016,114.934791,160.477796
27-12-2016,114.7406772,160.8917211
28-12-2016,114.4398008,159.9772354
29-12-2016,114.3524496,160.3719082
30-12-2016,114.2359813,159.7847121
03-01-2017,114.3815667,160.9398519
04-01-2017,114.3524496,162.932468
05-01-2017,113.8574593,162.3934028
06-01-2017,113.4012919,163.1923745
09-01-2017,112.4307228,161.3826555
10-01-2017,111.576622,159.3322824
11-01-2017,112.518074,161.4789171
12-01-2017,112.7413049,161.6714404
13-01-2017,112.9548301,161.0842444
17-01-2017,112.8577732,161.6136834
18-01-2017,112.5277797,160.5644315
19-01-2017,112.1783748,160.5740576
20-01-2017,112.1977862,164.1742433
23-01-2017,111.9939667,164.6362992
24-01-2017,112.9451244,169.3242416
25-01-2017,113.7895195,171.624895
26-01-2017,113.1198268,171.9810631
27-01-2017,110.4410562,170.6719047
30-01-2017,108.5290351,169.2279799
31-01-2017,108.0728676,167.9958308
01-02-2017,107.7331684,167.774429
02-02-2017,108.907557,168.0535878
03-02-2017,110.227531,169.2472323
06-02-2017,109.6548952,169.2857369
07-02-2017,108.1116904,171.7885398
08-02-2017,108.2960985,170.9318111
09-02-2017,108.9560855,171.9408881
10-02-2017,109.722835,173.3671795
13-02-2017,110.5575245,174.0269606
14-02-2017,110.256648,174.7740656
15-02-2017,110.3056423,176.2779783
16-02-2017,108.4536598,176.0354118
17-02-2017,108.1107001,175.2980094
21-02-2017,109.4727401,174.9002002
22-02-2017,108.1596944,175.7637372
23-02-2017,108.7868207,176.2488704
24-02-2017,107.9049243,175.9577905
27-02-2017,109.5021367,174.0657712
28-02-2017,110.2370503,174.4732831
01-03-2017,111.5892915,176.5399502
02-03-2017,111.0797514,175.1621721
03-03-2017,111.2659295,174.6964443
06-03-2017,110.8935732,175.1039561
07-03-2017,109.5609298,175.0166322
08-03-2017,107.405183,174.1142845
09-03-2017,107.8265335,171.9117801
10-03-2017,108.3850679,172.5424532
13-03-2017,107.1504129,171.2131883
14-03-2017,105.200442,170.4951913
15-03-2017,106.689867,170.5825153
16-03-2017,105.6903844,171.969996
17-03-2017,105.5140052,170.4272727
20-03-2017,105.4944075,170.475786
21-03-2017,105.8667637,168.7099013
22-03-2017,106.2097234,169.583141
23-03-2017,105.7001833,169.6219516
24-03-2017,105.8177695,168.661388
